{"initial_reset_timestamp": 275322.52464305, "timestamps": [275322.740176334, 275322.854302954, 275322.930713831, 275323.004560649, 275323.084537064, 275323.120090036, 275323.198160531, 275323.273977336, 275323.381813885, 275323.425685366, 275323.500907814, 275323.576570263, 275323.654021951, 275323.730791018, 275323.805026845, 275323.858074458, 275323.890061829, 275323.896975353, 275323.973913473, 275324.028930288, 275324.101240878, 275324.147544165, 275324.217709728, 275324.299151278, 275324.374570816, 275324.442729231, 275324.519570478, 275324.605404856, 275324.650159247, 275324.656582444, 275324.658263508, 275324.732778521, 275324.805015107, 275324.879959564, 275324.953277935, 275325.027288705, 275325.101366268, 275325.174625225, 275325.249684639, 275325.32319214, 275325.370366924, 275325.44565726, 275325.510977374, 275325.57163762, 275325.594649412, 275325.657851263, 275325.724164427, 275325.794929138, 275325.825847754, 275325.890418515, 275325.972685399, 275326.048768079, 275326.075908816, 275326.144856442, 275326.215774195, 275326.283598173, 275326.328829592, 275326.404372403, 275326.477491518, 275326.552113179, 275326.625627124, 275326.700048415, 275326.76600073, 275326.838763479, 275326.954740032, 275327.032787394, 275327.110180736, 275327.190517136, 275327.267899678, 275327.340956766, 275327.419241706, 275327.501822897, 275327.534080121, 275327.605259255, 275327.678687407, 275327.754597429, 275327.826689673, 275327.847224855, 275327.902631293, 275327.980439361, 275328.064934886, 275328.139260068, 275328.208159083, 275328.280562185, 275328.353150917, 275328.424100839, 275328.495392605, 275328.533189773, 275328.583385612, 275328.595877286, 275328.654280048, 275328.722178355, 275328.796717508, 275328.810357381, 275328.839012026, 275328.922602967, 275328.995865428, 275329.07209335, 275329.147567963, 275329.224805805], "episode_lengths": [100, 100, 100, 100, 100, 28, 100, 100, 100, 43, 96, 100, 100, 100, 100, 62, 30, 9, 100, 39, 100, 53, 100, 100, 100, 81, 100, 76, 43, 11, 2, 100, 100, 100, 100, 100, 100, 100, 100, 100, 51, 100, 96, 100, 35, 100, 100, 100, 27, 64, 100, 100, 21, 100, 100, 100, 70, 100, 100, 100, 100, 100, 89, 100, 100, 100, 100, 100, 100, 97, 100, 100, 25, 100, 100, 100, 95, 20, 55, 100, 100, 100, 95, 100, 100, 100, 100, 35, 64, 17, 87, 100, 100, 7, 14, 66, 100, 100, 100, 100], "episode_rewards": [-43.000000000000036, -21.99999999999998, -21.999999999999975, -13.999999999999968, -27.999999999999964, 6.44, -17.999999999999968, -13.99999999999998, -30.999999999999964, -0.8599999999999905, -2.9199999999999857, -18.99999999999997, -29.99999999999996, -13.999999999999977, -12.99999999999997, 1.7600000000000087, 5.4, 6.82, -16.99999999999998, -1.7799999999999923, -21.99999999999996, -9.059999999999988, -20.999999999999975, -25.99999999999998, -17.999999999999964, -8.619999999999976, -13.999999999999961, -3.5199999999999907, -6.859999999999989, 6.78, 8.96, -21.99999999999996, -13.999999999999968, -20.999999999999968, -13.999999999999961, -4.999999999999993, -22.999999999999968, -10.999999999999977, -30.99999999999997, -11.999999999999968, -12.019999999999985, -17.999999999999964, -4.91999999999997, -25.99999999999996, 6.3, -14.999999999999972, -12.99999999999997, -12.999999999999977, 0.4600000000000062, 1.7200000000000113, -16.99999999999998, -18.999999999999968, 5.58, -20.99999999999996, -11.999999999999975, -12.99999999999998, -10.399999999999977, -15.999999999999964, -17.99999999999997, -17.999999999999964, -22.99999999999996, -17.999999999999964, -7.779999999999983, -10.999999999999975, -10.999999999999982, -14.999999999999963, -25.99999999999997, -22.99999999999996, -32.99999999999999, -14.93999999999997, -28.999999999999975, -12.999999999999973, 4.5, -10.99999999999996, -19.999999999999968, -23.99999999999997, -18.899999999999963, 7.6, -11.099999999999987, -17.999999999999968, -11.999999999999964, -20.999999999999975, -0.8999999999999808, -21.99999999999996, -29.99999999999997, -7.99999999999997, -18.99999999999997, 3.3000000000000043, 0.720000000000006, 0.6600000000000037, -17.739999999999974, -27.999999999999968, -16.999999999999968, 6.86, 7.720000000000001, -12.319999999999979, -41.000000000000085, -17.999999999999968, -28.99999999999996, -20.99999999999997], "episode_types": ["t", "t", "t", "t", "t", "t", "t", "t", "t", "t", "t", "t", "t", "t", "t", "t", "t", "t", "t", "t", "t", "t", "t", "t", "t", "t", "t", "t", "t", "t", "t", "t", "t", "t", "t", "t", "t", "t", "t", "t", "t", "t", "t", "t", "t", "t", "t", "t", "t", "t", "t", "t", "t", "t", "t", "t", "t", "t", "t", "t", "t", "t", "t", "t", "t", "t", "t", "t", "t", "t", "t", "t", "t", "t", "t", "t", "t", "t", "t", "t", "t", "t", "t", "t", "t", "t", "t", "t", "t", "t", "t", "t", "t", "t", "t", "t", "t", "t", "t", "t"]}