{"episode": 14980, "test-score": -1.9999999999999751, "gumbel_temperature": 0.1, "buffer-size": 50000, "train-score": -2.000000000000033, "_timestamp": 1676957153.6061969, "_runtime": 799.4824388027191, "_step": 748, "_wandb": {"runtime": 800}}