{"initial_reset_timestamp": 1036516.857139403, "timestamps": [1036535.284945786, 1036545.268133998], "episode_lengths": [2, 6], "episode_rewards": [8.96, 9.88], "episode_types": ["t", "t"]}