{"initial_reset_timestamp": 275334.910809822, "timestamps": [275335.173255154, 275335.314356831, 275335.422901663, 275335.523222853, 275335.624856215, 275335.721322255, 275335.810518002, 275335.912785232, 275336.06716101, 275336.166017962, 275336.261500793, 275336.30686209, 275336.403879415, 275336.503684164, 275336.60361949, 275336.703753512, 275336.800597254, 275336.901662117, 275336.996758417, 275337.091105945, 275337.184554449, 275337.227405736, 275337.322817516, 275337.423398418, 275337.520177027, 275337.614653563, 275337.714361558, 275337.857869825, 275337.960728897, 275338.059769741, 275338.160385134, 275338.257324378, 275338.358341403, 275338.458482438, 275338.533663434, 275338.62914405, 275338.709954636, 275338.805319481, 275338.905776532, 275339.001101869, 275339.096763478, 275339.196049976, 275339.298092865, 275339.400076341, 275339.429811717, 275339.529407876, 275339.630652704, 275339.730713943, 275339.799512863, 275339.899388358, 275339.992747078, 275340.093841226, 275340.182247969, 275340.278511758, 275340.372488152, 275340.473065921, 275340.573019679, 275340.673855283, 275340.770937888, 275340.884667825, 275340.97695453, 275341.07383375, 275341.172624245, 275341.255394766, 275341.400232072, 275341.45622165, 275341.562379106, 275341.664411402, 275341.759259186, 275341.859546846, 275341.957941269, 275342.05404924, 275342.152084772, 275342.24835047, 275342.346619106, 275342.445345345, 275342.546184053, 275342.646392939, 275342.746381361, 275342.81599087, 275342.907941378, 275343.004102969, 275343.100569007, 275343.202357059, 275343.298253172, 275343.394273513, 275343.472733495, 275343.572642844, 275343.666508, 275343.761984734, 275343.858253886, 275343.958165689, 275344.057392213, 275344.156486313, 275344.225717943, 275344.324210062, 275344.346854883, 275344.362803338, 275344.471316949, 275344.554713757], "episode_lengths": [100, 100, 100, 100, 100, 100, 90, 100, 100, 100, 100, 37, 100, 100, 100, 100, 100, 100, 100, 100, 100, 33, 100, 100, 100, 100, 100, 100, 100, 100, 100, 100, 100, 99, 71, 100, 95, 100, 100, 100, 100, 100, 100, 100, 15, 100, 100, 100, 64, 100, 100, 100, 88, 100, 100, 100, 100, 100, 100, 100, 100, 100, 100, 75, 100, 49, 100, 100, 100, 100, 100, 100, 100, 100, 100, 100, 100, 100, 100, 67, 90, 100, 100, 100, 100, 100, 78, 100, 100, 100, 100, 100, 100, 100, 63, 100, 16, 11, 100, 79], "episode_rewards": [-98.0000000000001, -5.999999999999947, -9.999999999999977, -35.99999999999992, -39.99999999999994, -9.999999999999964, -1.5999999999999517, -49.999999999999936, -92.0000000000001, -23.999999999999954, -3.9999999999999316, 26.52000000000003, -17.999999999999968, -82.0, -63.999999999999936, -19.99999999999993, -31.99999999999995, -33.99999999999993, -31.999999999999922, -17.999999999999943, -43.99999999999992, -1.319999999999979, -39.999999999999936, -76.00000000000016, -33.999999999999936, -29.999999999999943, -55.99999999999994, -45.99999999999992, -82.00000000000011, -80.00000000000009, -51.99999999999993, -41.999999999999936, -78.00000000000001, -49.9600000000002, -40.84000000000001, -65.99999999999994, 2.20000000000001, -35.99999999999992, -35.99999999999994, -15.999999999999961, -41.999999999999936, -51.99999999999995, -88.00000000000024, -33.99999999999994, 29.400000000000006, -53.99999999999992, -61.99999999999993, -96.00000000000014, 23.440000000000026, -27.99999999999993, -5.999999999999969, -49.99999999999993, 2.48000000000005, -23.99999999999994, 3.69565489322099e-14, -49.99999999999999, -57.99999999999994, -45.999999999999936, -31.99999999999993, -47.99999999999995, -23.99999999999993, -41.99999999999993, -43.999999999999936, -2.999999999999954, 6.000000000000067, 22.040000000000024, -61.99999999999993, -19.99999999999997, -27.99999999999995, -21.99999999999993, -13.999999999999968, -13.999999999999975, -29.99999999999993, -45.99999999999992, -25.99999999999993, 14.000000000000032, -82.00000000000006, -76.00000000000009, -45.99999999999995, 21.320000000000043, -9.59999999999993, -41.99999999999995, -27.999999999999936, -65.99999999999993, -37.99999999999992, -15.99999999999994, 6.880000000000024, -55.99999999999993, -7.999999999999938, -35.999999999999964, -47.99999999999992, -57.99999999999993, -45.999999999999936, -21.99999999999996, 3.4800000000000146, -29.999999999999964, 23.36, 31.560000000000006, -29.999999999999922, -3.1599999999999575], "episode_types": ["t", "t", "t", "t", "t", "t", "t", "t", "t", "t", "t", "t", "t", "t", "t", "t", "t", "t", "t", "t", "t", "t", "t", "t", "t", "t", "t", "t", "t", "t", "t", "t", "t", "t", "t", "t", "t", "t", "t", "t", "t", "t", "t", "t", "t", "t", "t", "t", "t", "t", "t", "t", "t", "t", "t", "t", "t", "t", "t", "t", "t", "t", "t", "t", "t", "t", "t", "t", "t", "t", "t", "t", "t", "t", "t", "t", "t", "t", "t", "t", "t", "t", "t", "t", "t", "t", "t", "t", "t", "t", "t", "t", "t", "t", "t", "t", "t", "t", "t", "t"]}